,text,cleantext,afinn,newtext,clusters
0,"Mr. Speaker, Mr. Vice President, members of Congress, the first lady of the United States, and my fellow Americans:","mr. speaker, mr. vice president, members of congress, the first lady of the america, and my fellow american:",Neutral,"mr. speaker , mr. vice president , member of congress , the first lady of the united state , and my fellow american :",5
1,"Less than one year has passed since I first stood at this podium, in this majestic chamber, to speak on behalf of the American people — and to address their concerns, their hopes and their dreams. That night, our new administration had already taken swift action. A new tide of optimism was already sweeping across our land.","less than one year has passed since i first stood at this podium, in this majestic chamber, to speak on behalf of the american people — and to address their concerns, their hopes and their dreams. that night, our new administration had already taken swift action. a new tide of optimism was already sweeping across our land.",Positive,"less than one year have pass since i first stand at this podium , in this majestic chamber , to speak on behalf of the american people — and to address their concern , their hope and their dream . that night , our new administration have already take swift action . a new tide of optimism be already sweeping across our land .",4
2,"Each day since, we have gone forward with a clear vision and a righteous mission — to make America great again for all Americans.","each day since, we have gone forward with a clear vision and a righteoamerican mission — to make america great again for all american.",Positive,"each day since , we have go forward with a clear vision and a righteous mission — to make america great again for all american .",6
3,"Over the last year, we have made incredible progress and achieved extraordinary success. We have faced challenges we expected, and others we could never have imagined. We have shared in the heights of victory and the pains of hardship. We endured floods and fires and storms. But through it all, we have seen the beauty of America's soul, and the steel in America's spine.","over the last year, we have made incredible progress and achieved extraordinary success. we have faced challenges we expected, and others we could never have imagined. we have shared in the heights of victory and the pains of hardship. we endured floods and fires and storms. but through it all, we have seen the beauty of america's soul, and the steel in america's spine.",Positive,"over the last year , we have make incredible progress and achieve extraordinary success . we have face challenge we expect , and others we could never have imagine . we have share in the height of victory and the pain of hardship . we endure flood and fire and storm . but through it all , we have see the beauty of america 's soul , and the steel in america 's spine .",11
4,"Each test has forged new American heroes to remind us who we are, and show us what we can be.","each test has forged new american heroes to remind american who we are, and show american what we can be.",Positive,"each test have forge new american hero to remind u who we be , and show u what we can be .",6
5,"We saw the volunteers of the ""Cajun Navy,"" racing to the rescue with their fishing boats to save people in the aftermath of a devastating hurricane.","we saw the volunteers of the ""cajun navy,"" racing to the rescue with their fishing boats to save people in the aftermath of a devastating hurricane.",Positive,"we saw the volunteer of the `` cajun navy , '' race to the rescue with their fishing boat to save people in the aftermath of a devastating hurricane .",2
6,We saw strangers shielding strangers from a hail of gunfire on the Las Vegas strip.,we saw strangers shielding strangers from a hail of gunfire on the las vegas strip.,Positive,we saw stranger shield stranger from a hail of gunfire on the la vega strip .,14
7,"We heard tales of Americans like Coast Guard Petty Officer Ashlee Leppert, who is here tonight in the gallery with Melania. Ashlee was aboard one of the first helicopters on the scene in Houston during Hurricane Harvey. Through 18 hours of wind and rain, Ashlee braved live power lines and deep water to help save more than 40 lives. Thank you, Ashlee.","we heard tales of american like coast guard petty officer ashlee leppert, who is here tonight in the gallery with melania. ashlee was aboard one of the first helicopters on the scene in hoamericanton during hurricane harvey. through 18 hours of wind and rain, ashlee braved live power lines and deep water to help save more than 40 lives. thank you, ashlee.",Positive,"we hear tale of american like coast guard petty officer ashlee leppert , who be here tonight in the gallery with melania . ashlee be aboard one of the first helicopter on the scene in houston during hurricane harvey . through 18 hour of wind and rain , ashlee brave live power line and deep water to help save more than 40 life . thank you , ashlee .",7
8,We heard about Americans like firefighter David Dahlberg. He is here with us too. David faced down walls of flame to rescue almost 60 children trapped at a California summer camp threatened by wildfires.,we heard about american like firefighter david dahlberg. he is here with american too. david faced down walls of flame to rescue almost 60 children trapped at a california summer camp threatened by wildfires.,Positive,we hear about american like firefighter david dahlberg . he be here with u too . david face down wall of flame to rescue almost 60 child trap at a california summer camp threaten by wildfire .,14
9,"To everyone still recovering in Texas, Florida, Louisiana, Puerto Rico, the Virgin Islands, California and everywhere else — we are with you, we love you, and we will pull through together.","to everyone still recovering in texas, florida, louisiana, puerto rico, the virgin islands, california and everywhere else — we are with you, we love you, and we will pull through together.",Positive,"to everyone still recover in texas , florida , louisiana , puerto rico , the virgin island , california and everywhere else — we be with you , we love you , and we will pull through together .",13
10,"Some trials over the past year touched this chamber very personally. With us tonight is one of the toughest people ever to serve in this House — a guy who took a bullet, almost died, and was back to work three and a half months later: the legend from Louisiana, Congressman Steve Scalise.","some trials over the past year touched this chamber very personally. with american tonight is one of the toughest people ever to serve in this hoamericane — a guy who took a bullet, almost died, and was back to work three and a half months later: the legend from louisiana, congressman steve scalise.",Negative,"some trial over the past year touch this chamber very personally . with u tonight be one of the tough people ever to serve in this house — a guy who take a bullet , almost die , and be back to work three and a half month later : the legend from louisiana , congressman steve scalise .",2
11,"We are incredibly grateful for the heroic efforts of the Capitol Police officers, the Alexandria police, and the doctors, nurses and paramedics who saved his life, and the lives of many others in this room.","we are incredibly grateful for the heroic efforts of the capitol police officers, the alexandria police, and the doctors, nurses and paramedics who saved his life, and the lives of many others in this room.",Positive,"we be incredibly grateful for the heroic effort of the capitol police officer , the alexandria police , and the doctor , nurse and paramedic who save his life , and the life of many others in this room .",7
12,"In the aftermath of that terrible shooting, we came together, not as Republicans or Democrats, but as representatives of the people. But it is not enough to come together only in times of tragedy. Tonight, I call upon all of us to set aside our differences, to seek out common ground, and to summon the unity we need to deliver for the people we were elected to serve.","in the aftermath of that terrible shooting, we came together, not as republicans or democrats, but as representatives of the people. but it is not enough to come together only in times of tragedy. tonight, i call upon all of american to set aside our differences, to seek out common ground, and to summon the unity we need to deliver for the people we were elected to serve.",Negative,"in the aftermath of that terrible shooting , we come together , not a republican or democrat , but a representative of the people . but it be not enough to come together only in time of tragedy . tonight , i call upon all of u to set aside our difference , to seek out common ground , and to summon the unity we need to deliver for the people we be elect to serve .",13
13,"Over the last year, the world has seen what we always knew: that no people on Earth are so fearless, or daring, or determined as Americans. If there is a mountain, we climb it. If there is a frontier, we cross it. If there is a challenge, we tame it. If there is an opportunity, we seize it.","over the last year, the world has seen what we always knew: that no people on earth are so fearless, or daring, or determined as american. if there is a mountain, we climb it. if there is a frontier, we cross it. if there is a challenge, we tame it. if there is an opportunity, we seize it.",Positive,"over the last year , the world have see what we always know : that no people on earth be so fearless , or daring , or determine a american . if there be a mountain , we climb it . if there be a frontier , we cross it . if there be a challenge , we tame it . if there be an opportunity , we seize it .",3
14,So let us begin tonight by recognizing that the state of our union is strong because our people are strong.,so let american begin tonight by recognizing that the state of our union is strong becaamericane our people are strong.,Positive,so let u begin tonight by recognize that the state of our union be strong because our people be strong .,2
15,"And together, we are building a safe, strong and proud America.","and together, we are building a safe, strong and proud america.",Positive,"and together , we be build a safe , strong and proud america .",13
16,"Since the election, we have created 2.4 million new jobs, including 200,000 new jobs in manufacturing alone. After years of wage stagnation, we are finally seeing rising wages.","since the election, we have created 2.4 million new jobs, including 200,000 new jobs in manufacturing alone. after year of wage stagnation, we are finally seeing rising wages.",Negative,"since the election , we have create 2.4 million new job , include 200,000 new job in manufacture alone . after year of wage stagnation , we be finally see rise wage .",7
17,"Unemployment claims have hit a 45-year low. African-American unemployment stands at the lowest rate ever recorded, and Hispanic-American unemployment has also reached the lowest levels in history.","unemployment claims have hit a 45-year low. african-american unemployment stands at the lowest rate ever recorded, and hispanic-american unemployment has also reached the lowest levels in history.",Negative,"unemployment claim have hit a 45-year low . african-american unemployment stand at the low rate ever record , and hispanic-american unemployment have also reach the low level in history .",15
18,"Small-business confidence is at an all-time high. The stock market has smashed one record after another, gaining $8 trillion in value. That is great news for Americans' 401(k), retirement, pension and college savings accounts.","small-bamericaniness confidence is at an all-time high. the stock market has smashed one record after another, gaining $8 trillion in value. that is great news for american' 401(k), retirement, pension and college savings accounts.",Positive,"small-business confidence be at an all-time high . the stock market have smash one record after another , gain $ 8 trillion in value . that be great news for american ' 401 ( k ) , retirement , pension and college saving account .",9
19,"And just as I promised the American people from this podium 11 months ago, we enacted the biggest tax cuts and reforms in American history.","and jamericant as i promised the american people from this podium 11 months ago, we enacted the biggest tax cuts and reforms in american history.",Neutral,"and just a i promise the american people from this podium 11 month ago , we enact the big tax cut and reform in american history .",9
20,Our massive tax cuts provide tremendous relief for the middle class and small businesses.,our massive tax cuts provide tremendoamerican relief for the middle class and small bamericaninesses.,Negative,our massive tax cut provide tremendous relief for the middle class and small business .,9
21,"To lower tax rates for hardworking Americans, we nearly doubled the standard deduction for everyone. Now, the first $24,000 earned by a married couple is completely tax-free. We also doubled the child tax credit.","to lower tax rates for hardworking american, we nearly doubled the standard deduction for everyone. now, the first $24,000 earned by a married couple is completely tax-free. we also doubled the child tax credit.",Neutral,"to lower tax rate for hardworking american , we nearly double the standard deduction for everyone . now , the first $ 24,000 earn by a married couple be completely tax-free . we also double the child tax credit .",9
22,"A typical family of four making $75,000 will see their tax bill reduced by $2,000 — slashing their tax bill in half.","a typical family of four making $75,000 will see their tax bill reduced by $2,000 — slashing their tax bill in half.",Negative,"a typical family of four make $ 75,000 will see their tax bill reduce by $ 2,000 — slash their tax bill in half .",11
23,This April will be the last time you ever file under the old broken system — and millions of Americans will have more take-home pay starting next month.,this april will be the last time you ever file under the old broken system — and millions of american will have more take-home pay starting next month.,Negative,this april will be the last time you ever file under the old broken system — and million of american will have more take-home pay start next month .,2
24,"We eliminated an especially cruel tax that fell mostly on Americans making less than $50,000 a year — forcing them to pay tremendous penalties simply because they could not afford government-ordered health plans. We repealed the core of disastrous ObamaCare — the individual mandate is now gone.","we eliminated an especially cruel tax that fell mostly on american making less than $50,000 a year — forcing them to pay tremendoamerican penalties simply becaamericane they could not afford government-ordered health plans. we repealed the core of disastroamerican obamacare — the individual mandate is now gone.",Negative,"we eliminate an especially cruel tax that fell mostly on american make less than $ 50,000 a year — force them to pay tremendous penalty simply because they could not afford government-ordered health plan . we repeal the core of disastrous obamacare — the individual mandate be now go .",11
25,"We slashed the business tax rate from 35 percent all the way down to 21 percent, so American companies can compete and win against anyone in the world. These changes alone are estimated to increase average family income by more than $4,000.","we slashed the bamericaniness tax rate from 35 percent all the way down to 21 percent, so american companies can compete and win against anyone in the world. these changes alone are estimated to increase average family income by more than $4,000.",Positive,"we slash the business tax rate from 35 percent all the way down to 21 percent , so american company can compete and win against anyone in the world . these change alone be estimate to increase average family income by more than $ 4,000 .",9
26,"Small businesses have also received a massive tax cut, and can now deduct 20 percent of their business income.","small bamericaninesses have also received a massive tax cut, and can now deduct 20 percent of their bamericaniness income.",Negative,"small business have also receive a massive tax cut , and can now deduct 20 percent of their business income .",9
27,"Here tonight are Steve Staub and Sandy Keplinger of Staub Manufacturing — a small business in Ohio. They have just finished the best year in their 20-year history. Because of tax reform, they are handing out raises, hiring an additional 14 people, and expanding into the building next door.","here tonight are steve staub and sandy keplinger of staub manufacturing — a small bamericaniness in ohio. they have jamericant finished the best year in their 20-year history. becaamericane of tax reform, they are handing out raises, hiring an additional 14 people, and expanding into the building next door.",Positive,"here tonight be steve staub and sandy keplinger of staub manufacturing — a small business in ohio . they have just finish the best year in their 20-year history . because of tax reform , they be hand out raise , hire an additional 14 people , and expand into the building next door .",9
28,"One of Staub's employees, Corey Adams, is also with us tonight. Corey is an all-American worker. He supported himself through high school, lost his job during the 2008 recession and was later hired by Staub, where he trained to become a welder. Like many hardworking Americans, Corey plans to invest his tax?cut raise into his new home and his two daughters' education. Please join me in congratulating Corey.","one of staub's employees, corey adams, is also with american tonight. corey is an all-american worker. he supported himself through high school, lost his job during the 2008 recession and was later hired by staub, where he trained to become a welder. like many hardworking american, corey plans to invest his tax?cut raise into his new home and his two daughters' education. please join me in congratulating corey.",Positive,"one of staub 's employee , corey adam , be also with u tonight . corey be an all-american worker . he support himself through high school , lose his job during the 2008 recession and be later hire by staub , where he train to become a welder . like many hardworking american , corey plan to invest his tax ? cut raise into his new home and his two daughter ' education . please join me in congratulate corey .",7
29,"Since we passed tax cuts, roughly 3 million workers have already gotten tax-cut bonuses — many of them thousands of dollars per worker. Apple has just announced it plans to invest a total of $350 billion in America, and hire another 20,000 workers.","since we passed tax cuts, roughly 3 million workers have already gotten tax-cut bonamericanes — many of them thoamericanands of dollars per worker. apple has jamericant announced it plans to invest a total of $350 billion in america, and hire another 20,000 workers.",Negative,"since we pass tax cut , roughly 3 million worker have already get tax-cut bonus — many of them thousand of dollar per worker . apple have just announce it plan to invest a total of $ 350 billion in america , and hire another 20,000 worker .",7
30,This is our new American moment. There has never been a better time to start living the American Dream.,this is our new american moment. there has never been a better time to start living the american dream.,Positive,this be our new american moment . there have never be a good time to start live the american dream .,14
31,"So to every citizen watching at home tonight — no matter where you have been, or where you come from, this is your time. If you work hard, if you believe in yourself, if you believe in America, then you can dream anything, you can be anything and, together, we can achieve anything.","so to every citizen watching at home tonight — no matter where you have been, or where you come from, this is your time. if you work hard, if you believe in yourself, if you believe in america, then you can dream anything, you can be anything and, together, we can achieve anything.",Neutral,"so to every citizen watch at home tonight — no matter where you have be , or where you come from , this be your time . if you work hard , if you believe in yourself , if you believe in america , then you can dream anything , you can be anything and , together , we can achieve anything .",13
32,"Tonight, I want to talk about what kind of future we are going to have, and what kind of nation we are going to be. All of us, together, as one team, one people and one American family.","tonight, i want to talk about what kind of future we are going to have, and what kind of nation we are going to be. all of american, together, as one team, one people and one american family.",Positive,"tonight , i want to talk about what kind of future we be go to have , and what kind of nation we be go to be . all of u , together , a one team , one people and one american family .",6
33,"We all share the same home, the same heart, the same destiny and the same great American flag.","we all share the same home, the same heart, the same destiny and the same great american flag.",Positive,"we all share the same home , the same heart , the same destiny and the same great american flag .",14
34,"Together, we are rediscovering the American way.","together, we are rediscovering the american way.",Neutral,"together , we be rediscover the american way .",13
35,"In America, we know that faith and family, not government and bureaucracy, are the center of the American life. Our motto is ""in God we trust.""","in america, we know that faith and family, not government and bureaucracy, are the center of the american life. our motto is ""in god we tramericant.""",Positive,"in america , we know that faith and family , not government and bureaucracy , be the center of the american life . our motto be `` in god we trust . ''",11
36,"And we celebrate our police, our military and our amazing veterans as heroes who deserve our total and unwavering support.","and we celebrate our police, our military and our amazing veterans as heroes who deserve our total and unwavering support.",Positive,"and we celebrate our police , our military and our amazing veteran a hero who deserve our total and unwavering support .",6
37,"Here tonight is Preston Sharp, a 12-year-old boy from Redding, Calif., who noticed that veterans' graves were not marked with flags on Veterans Day. He decided to change that, and started a movement that has now placed 40,000 flags at the graves of our great heroes. Preston: a job well done.","here tonight is preston sharp, a 12-year-old boy from redding, calif., who noticed that veterans' graves were not marked with flags on veterans day. he decided to change that, and started a movement that has now placed 40,000 flags at the graves of our great heroes. preston: a job well done.",Positive,"here tonight be preston sharp , a 12-year-old boy from redding , calif. , who notice that veteran ' graf be not mark with flag on veteran day . he decide to change that , and start a movement that have now place 40,000 flag at the graf of our great hero . preston : a job well do .",6
38,"Young patriots like Preston teach all of us about our civic duty as Americans. Preston's reverence for those who have served our Nation reminds us why we salute our flag, why we put our hands on our hearts for the pledge of allegiance, and why we proudly stand for the national anthem.","young patriots like preston teach all of american about our civic duty as american. preston's reverence for those who have served our nation reminds american why we salute our flag, why we put our hands on our hearts for the pledge of allegiance, and why we proudly stand for the national anthem.",Positive,"young patriot like preston teach all of u about our civic duty a american . preston 's reverence for those who have serve our nation remind u why we salute our flag , why we put our hand on our heart for the pledge of allegiance , and why we proudly stand for the national anthem .",15
39,Americans love their country. And they deserve a government that shows them the same love and loyalty in return.,american love their country. and they deserve a government that shows them the same love and loyalty in return.,Positive,american love their country . and they deserve a government that show them the same love and loyalty in return .,2
40,For the last year we have sought to restore the bonds of trust between our citizens and their government.,for the last year we have sought to restore the bonds of tramericant between our citizens and their government.,Positive,for the last year we have seek to restore the bond of trust between our citizen and their government .,11
41,"Working with the Senate, we are appointing judges who will interpret the Constitution as written, including a great new Supreme Court justice, and more circuit court judges than any new administration in the history of our country.","working with the senate, we are appointing judges who will interpret the constitution as written, including a great new supreme court jamericantice, and more circuit court judges than any new administration in the history of our country.",Positive,"work with the senate , we be appoint judge who will interpret the constitution a write , include a great new supreme court justice , and more circuit court judge than any new administration in the history of our country .",4
42,"We are defending our Second Amendment, and have taken historic actions to protect religious liberty.","we are defending our second amendment, and have taken historic actions to protect religioamerican liberty.",Positive,"we be defend our second amendment , and have take historic action to protect religious liberty .",14
43,"And we are serving our brave veterans, including giving our veterans choice in their healthcare decisions. Last year, the Congress passed, and I signed, the landmark VA Accountability Act. Since its passage, my Administration has already removed more than 1,500 VA employees who failed to give our veterans the care they deserve — and we are hiring talented people who love our vets as much as we do.","and we are serving our brave veterans, including giving our veterans choice in their healthcare decisions. last year, the congress passed, and i signed, the landmark va accountability act. since its passage, my administration has already removed more than 1,500 va employees who failed to give our veterans the care they deserve — and we are hiring talented people who love our vets as much as we do.",Positive,"and we be serve our brave veteran , include give our veteran choice in their healthcare decision . last year , the congress pass , and i sign , the landmark va accountability act . since it passage , my administration have already remove more than 1,500 va employee who fail to give our veteran the care they deserve — and we be hire talented people who love our vet as much a we do .",2
44,"I will not stop until our veterans are properly taken care of, which has been my promise to them from the very beginning of this great journey.","i will not stop until our veterans are properly taken care of, which has been my promise to them from the very beginning of this great journey.",Positive,"i will not stop until our veteran be properly take care of , which have be my promise to them from the very beginning of this great journey .",5
45,"All Americans deserve accountability and respect — and that is what we are giving them. So tonight, I call on the Congress to empower every Cabinet secretary with the authority to reward good workers — and to remove federal employees who undermine the public trust or fail the American people.","all american deserve accountability and respect — and that is what we are giving them. so tonight, i call on the congress to empower every cabinet secretary with the authority to reward good workers — and to remove federal employees who undermine the public tramericant or fail the american people.",Positive,"all american deserve accountability and respect — and that be what we be give them . so tonight , i call on the congress to empower every cabinet secretary with the authority to reward good worker — and to remove federal employee who undermine the public trust or fail the american people .",7
46,"In our drive to make Washington accountable, we have eliminated more regulations in our first year than any administration in history.","in our drive to make washington accountable, we have eliminated more regulations in our first year than any administration in history.",Neutral,"in our drive to make washington accountable , we have eliminate more regulation in our first year than any administration in history .",9
47,We have ended the war on American energy — and we have ended the war on clean coal. We are now an exporter of energy to the world.,we have ended the war on american energy — and we have ended the war on clean coal. we are now an exporter of energy to the world.,Negative,we have end the war on american energy — and we have end the war on clean coal . we be now an exporter of energy to the world .,14
48,"In Detroit, I halted government mandates that crippled America's autoworkers — so we can get the Motor City revving its engines once again.","in detroit, i halted government mandates that crippled america's autoworkers — so we can get the motor city revving its engines once again.",Neutral,"in detroit , i halt government mandate that cripple america 's autoworkers — so we can get the motor city rev it engine once again .",11
49,"Many car companies are now building and expanding plants in the United States — something we have not seen for decades. Chrysler is moving a major plant from Mexico to Michigan; Toyota and Mazda are opening up a plant in Alabama. Soon, plants will be opening up all over the country. This is all news Americans are unaccustomed to hearing — for many years, companies and jobs were only leaving us. But now they are coming back.","many car companies are now building and expanding plants in the america — something we have not seen for decades. chrysler is moving a major plant from mexico to michigan; toyota and mazda are opening up a plant in alabama. soon, plants will be opening up all over the country. this is all news american are unaccamericantomed to hearing — for many year, companies and jobs were only leaving american. but now they are coming back.",Neutral,"many car company be now build and expand plant in the united state — something we have not see for decade . chrysler be move a major plant from mexico to michigan ; toyota and mazda be open up a plant in alabama . soon , plant will be open up all over the country . this be all news american be unaccustomed to hear — for many year , company and job be only leave u . but now they be come back .",7
50,Exciting progress is happening every day.,exciting progress is happening every day.,Positive,excite progress be happen every day .,1
51,"To speed access to breakthrough cures and affordable generic drugs, last year the FDA approved more new and generic drugs and medical devices than ever before in our history.","to speed access to breakthrough cures and affordable generic drugs, last year the fda approved more new and generic drugs and medical devices than ever before in our history.",Positive,"to speed access to breakthrough cure and affordable generic drug , last year the fda approve more new and generic drug and medical device than ever before in our history .",3
52,We also believe that patients with terminal conditions should have access to experimental treatments that could potentially save their lives.,we also believe that patients with terminal conditions should have access to experimental treatments that could potentially save their lives.,Positive,we also believe that patient with terminal condition should have access to experimental treatment that could potentially save their life .,11
53,"People who are terminally ill should not have to go from country to country to seek a cure — I want to give them a chance right here at home. It is time for the Congress to give these wonderful Americans the ""right to try.""","people who are terminally ill should not have to go from country to country to seek a cure — i want to give them a chance right here at home. it is time for the congress to give these wonderful american the ""right to try.""",Positive,people who be terminally ill should not have to go from country to country to seek a cure — i want to give them a chance right here at home . it be time for the congress to give these wonderful americans the `` right to try . '',2
54,"One of my greatest priorities is to reduce the price of prescription drugs. In many other countries, these drugs cost far less than what we pay in the United States. That is why I have directed my administration to make fixing the injustice of high drug prices one of our top priorities. Prices will come down.","one of my greatest priorities is to reduce the price of prescription drugs. in many other countries, these drugs cost far less than what we pay in the america. that is why i have directed my administration to make fixing the injamericantice of high drug prices one of our top priorities. prices will come down.",Positive,"one of my great priority be to reduce the price of prescription drug . in many other country , these drug cost far less than what we pay in the united state . that be why i have direct my administration to make fix the injustice of high drug price one of our top priority . price will come down .",5
55,"America has also finally turned the page on decades of unfair trade deals that sacrificed our prosperity and shipped away our companies, our jobs, and our nation's wealth.","america has also finally turned the page on decades of unfair trade deals that sacrificed our prosperity and shipped away our companies, our jobs, and our nation's wealth.",Positive,"america have also finally turn the page on decade of unfair trade deal that sacrifice our prosperity and ship away our company , our job , and our nation 's wealth .",12
56,The era of economic surrender is over.,the era of economic surrender is over.,Neutral,the era of economic surrender be over .,14
57,"From now on, we expect trading relationships to be fair and to be reciprocal.","from now on, we expect trading relationships to be fair and to be reciprocal.",Positive,"from now on , we expect trade relationship to be fair and to be reciprocal .",12
58,We will work to fix bad trade deals and negotiate new ones.,we will work to fix bad trade deals and negotiate new ones.,Negative,we will work to fix bad trade deal and negotiate new one .,12
59,"And we will protect American workers and American intellectual property, through strong enforcement of our trade rules.","and we will protect american workers and american intellectual property, through strong enforcement of our trade rules.",Positive,"and we will protect american worker and american intellectual property , through strong enforcement of our trade rule .",12
60,"As we rebuild our industries, it is also time to rebuild our crumbling infrastructure.","as we rebuild our indamericantries, it is also time to rebuild our crumbling infrastructure.",Neutral,"a we rebuild our industry , it be also time to rebuild our crumble infrastructure .",13
61,America is a nation of builders. We built the Empire State Building in just one year — is it not a disgrace that it can now take 10 years just to get a permit approved for a simple road?,america is a nation of builders. we built the empire state building in jamericant one year — is it not a disgrace that it can now take 10 year jamericant to get a permit approved for a simple road?,Neutral,america be a nation of builder . we build the empire state building in just one year — be it not a disgrace that it can now take 10 year just to get a permit approve for a simple road ?,5
62,"I am asking both parties to come together to give us the safe, fast, reliable, and modern infrastructure our economy needs and our people deserve.","i am asking both parties to come together to give american the safe, fast, reliable, and modern infrastructure our economy needs and our people deserve.",Positive,"i be ask both party to come together to give u the safe , fast , reliable , and modern infrastructure our economy need and our people deserve .",13
63,"Tonight, I am calling on the Congress to produce a bill that generates at least $1.5 trillion for the new infrastructure investment we need.","tonight, i am calling on the congress to produce a bill that generates at least $1.5 trillion for the new infrastructure investment we need.",Neutral,"tonight , i be call on the congress to produce a bill that generate at least $ 1.5 trillion for the new infrastructure investment we need .",10
64,"Every federal dollar should be leveraged by partnering with state and local governments and, where appropriate, tapping into private sector investment — to permanently fix the infrastructure deficit.","every federal dollar should be leveraged by partnering with state and local governments and, where appropriate, tapping into private sector investment — to permanently fix the infrastructure deficit.",Negative,"every federal dollar should be leverage by partner with state and local government and , where appropriate , tap into private sector investment — to permanently fix the infrastructure deficit .",11
65,"Any bill must also streamline the permitting and approval process — getting it down to no more than two years, and perhaps even one.","any bill mamericant also streamline the permitting and approval process — getting it down to no more than two year, and perhaps even one.",Positive,"any bill must also streamline the permitting and approval process — get it down to no more than two year , and perhaps even one .",10
66,"Together, we can reclaim our building heritage. We will build gleaming new roads, bridges, highways, railways, and waterways across our land. And we will do it with American heart, American hands, and American grit.","together, we can reclaim our building heritage. we will build gleaming new roads, bridges, highways, railways, and waterways across our land. and we will do it with american heart, american hands, and american grit.",Neutral,"together , we can reclaim our building heritage . we will build gleam new road , bridge , highway , railway , and waterways across our land . and we will do it with american heart , american hand , and american grit .",14
67,We want every American to know the dignity of a hard day's work. We want every child to be safe in their home at night. And we want every citizen to be proud of this land that we love.,we want every american to know the dignity of a hard day's work. we want every child to be safe in their home at night. and we want every citizen to be proud of this land that we love.,Positive,we want every american to know the dignity of a hard day 's work . we want every child to be safe in their home at night . and we want every citizen to be proud of this land that we love .,5
68,"We can lift our citizens from welfare to work, from dependence to independence, and from poverty to prosperity.","we can lift our citizens from welfare to work, from dependence to independence, and from poverty to prosperity.",Negative,"we can lift our citizen from welfare to work , from dependence to independence , and from poverty to prosperity .",13
69,"As tax cuts create new jobs, let us invest in workforce development and job training. Let us open great vocational schools so our future workers can learn a craft and realize their full potential. And let us support working families by supporting paid family leave.","as tax cuts create new jobs, let american invest in workforce development and job training. let american open great vocational schools so our future workers can learn a craft and realize their full potential. and let american support working families by supporting paid family leave.",Positive,"a tax cut create new job , let u invest in workforce development and job training . let u open great vocational school so our future worker can learn a craft and realize their full potential . and let u support work family by support pay family leave .",7
70,"As America regains its strength, this opportunity must be extended to all citizens. That is why this year we will embark on reforming our prisons to help former inmates who have served their time get a second chance.","as america regains its strength, this opportunity mamericant be extended to all citizens. that is why this year we will embark on reforming our prisons to help former inmates who have served their time get a second chance.",Positive,"a america regain it strength , this opportunity must be extend to all citizen . that be why this year we will embark on reform our prison to help former inmate who have serve their time get a second chance .",13
71,"Struggling communities, especially immigrant communities, will also be helped by immigration policies that focus on the best interests of American workers and American families.","struggling communities, especially immigrant communities, will also be helped by immigration policies that focamerican on the best interests of american workers and american families.",Positive,"struggle community , especially immigrant community , will also be help by immigration policy that focus on the best interest of american worker and american family .",7
72,"For decades, open borders have allowed drugs and gangs to pour into our most vulnerable communities. They have allowed millions of low-wage workers to compete for jobs and wages against the poorest Americans. Most tragically, they have caused the loss of many innocent lives.","for decades, open borders have allowed drugs and gangs to pour into our most vulnerable communities. they have allowed millions of low-wage workers to compete for jobs and wages against the poorest american. most tragically, they have caamericaned the loss of many innocent lives.",Negative,"for decade , open border have allow drug and gang to pour into our most vulnerable community . they have allow million of low-wage worker to compete for job and wage against the poor american . most tragically , they have cause the loss of many innocent life .",7
73,"Here tonight are two fathers and two mothers: Evelyn Rodriguez, Freddy Cuevas, Elizabeth Alvarado, and Robert Mickens. Their two teenage daughters — Kayla Cuevas and Nisa Mickens — were close friends on Long Island. But in September 2016, on the eve of Nisa's 16th birthday, neither of them came home. These two precious girls were brutally murdered while walking together in their hometown. Six members of the savage gang MS-13 have been charged with Kayla and Nisa's murders. Many of these gang members took advantage of glaring loopholes in our laws to enter the country as unaccompanied alien minors — and wound up in Kayla and Nisa's high school.","here tonight are two fathers and two mothers: evelyn rodriguez, freddy cuevas, elizabeth alvarado, and robert mickens. their two teenage daughters — kayla cuevas and nisa mickens — were close friends on long island. but in september 2016, on the eve of nisa's 16th birthday, neither of them came home. these two precioamerican girls were brutally murdered while walking together in their hometown. six members of the savage gang ms-13 have been charged with kayla and nisa's murders. many of these gang members took advantage of glaring loopholes in our laws to enter the country as unaccompanied alien minors — and wound up in kayla and nisa's high school.",Negative,"here tonight be two father and two mother : evelyn rodriguez , freddy cuevas , elizabeth alvarado , and robert mickens . their two teenage daughter — kayla cuevas and nisa mickens — be close friend on long island . but in september 2016 , on the eve of nisa 's 16th birthday , neither of them come home . these two precious girl be brutally murder while walk together in their hometown . six member of the savage gang ms-13 have be charge with kayla and nisa 's murder . many of these gang member take advantage of glare loophole in our law to enter the country a unaccompanied alien minor — and wind up in kayla and nisa 's high school .",13
74,"Evelyn, Elizabeth, Freddy, and Robert: Tonight, everyone in this chamber is praying for you. Everyone in America is grieving for you. And 320 million hearts are breaking for you. We cannot imagine the depth of your sorrow, but we can make sure that other families never have to endure this pain.","evelyn, elizabeth, freddy, and robert: tonight, everyone in this chamber is praying for you. everyone in america is grieving for you. and 320 million hearts are breaking for you. we cannot imagine the depth of your sorrow, but we can make sure that other families never have to endure this pain.",Negative,"evelyn , elizabeth , freddy , and robert : tonight , everyone in this chamber be pray for you . everyone in america be grieve for you . and 320 million heart be break for you . we can not imagine the depth of your sorrow , but we can make sure that other family never have to endure this pain .",4
75,"Tonight, I am calling on the Congress to finally close the deadly loopholes that have allowed MS-13, and other criminals, to break into our country. We have proposed new legislation that will fix our immigration laws, and support our ICE and Border Patrol Agents, so that this cannot ever happen again.","tonight, i am calling on the congress to finally close the deadly loopholes that have allowed ms-13, and other criminals, to break into our country. we have proposed new legislation that will fix our immigration laws, and support our ice and border patrol agents, so that this cannot ever happen again.",Negative,"tonight , i be call on the congress to finally close the deadly loophole that have allow ms-13 , and other criminal , to break into our country . we have propose new legislation that will fix our immigration law , and support our ice and border patrol agent , so that this can not ever happen again .",10
76,"The United States is a compassionate nation. We are proud that we do more than any other country to help the needy, the struggling, and the underprivileged all over the world. But as president of the United States, my highest loyalty, my greatest compassion, and my constant concern is for America's children, America's struggling workers, and America's forgotten communities. I want our youth to grow up to achieve great things. I want our poor to have their chance to rise.","the america is a compassionate nation. we are proud that we do more than any other country to help the needy, the struggling, and the underprivileged all over the world. but as president of the america, my highest loyalty, my greatest compassion, and my constant concern is for america's children, america's struggling workers, and america's forgotten communities. i want our youth to grow up to achieve great things. i want our poor to have their chance to rise.",Positive,"the united state be a compassionate nation . we be proud that we do more than any other country to help the needy , the struggling , and the underprivileged all over the world . but a president of the united state , my high loyalty , my great compassion , and my constant concern be for america 's child , america 's struggle worker , and america 's forgotten community . i want our youth to grow up to achieve great thing . i want our poor to have their chance to rise .",5
77,"So tonight, I am extending an open hand to work with members of both parties — Democrats and Republicans — to protect our citizens of every background, color, religion, and creed. My duty, and the sacred duty of every elected official in this chamber, is to defend Americans — to protect their safety, their families, their communities, and their right to the American dream. Because Americans are dreamers too.","so tonight, i am extending an open hand to work with members of both parties — democrats and republicans — to protect our citizens of every background, color, religion, and creed. my duty, and the sacred duty of every elected official in this chamber, is to defend american — to protect their safety, their families, their communities, and their right to the american dream. becaamericane american are dreamers too.",Positive,"so tonight , i be extend an open hand to work with member of both party — democrat and republican — to protect our citizen of every background , color , religion , and creed . my duty , and the sacred duty of every elect official in this chamber , be to defend american — to protect their safety , their family , their community , and their right to the american dream . because american be dreamer too .",14
78,"Here tonight is one leader in the effort to defend our country: Homeland Security Investigations Special Agent Celestino Martinez — he goes by CJ. CJ served 15 years in the Air Force before becoming an ICE agent and spending the last 15 years fighting gang violence and getting dangerous criminals off our streets. At one point, MS-13 leaders ordered CJ's murder. But he did not cave to threats or fear. Last May, he commanded an operation to track down gang members on Long Island. His team has arrested nearly 400, including more than 220 from MS-13.","here tonight is one leader in the effort to defend our country: homeland security investigations special agent celestino martinez — he goes by cj. cj served 15 year in the air force before becoming an ice agent and spending the last 15 year fighting gang violence and getting dangeroamerican criminals off our streets. at one point, ms-13 leaders ordered cj's murder. but he did not cave to threats or fear. last may, he commanded an operation to track down gang members on long island. his team has arrested nearly 400, including more than 220 from ms-13.",Negative,"here tonight be one leader in the effort to defend our country : homeland security investigation special agent celestino martinez — he go by cj . cj serve 15 year in the air force before become an ice agent and spend the last 15 year fight gang violence and get dangerous criminal off our street . at one point , ms-13 leader order cj 's murder . but he do not cave to threat or fear . last may , he command an operation to track down gang member on long island . his team have arrest nearly 400 , include more than 220 from ms-13 .",3
79,CJ: Great work. Now let us get the Congress to send you some reinforcements.,cj: great work. now let american get the congress to send you some reinforcements.,Positive,cj : great work . now let u get the congress to send you some reinforcement .,10
80,"Over the next few weeks, the House and Senate will be voting on an immigration reform package.","over the next few weeks, the hoamericane and senate will be voting on an immigration reform package.",Neutral,"over the next few week , the house and senate will be vote on an immigration reform package .",10
81,"In recent months, my administration has met extensively with both Democrats and Republicans to craft a bipartisan approach to immigration reform. Based on these discussions, we presented the Congress with a detailed proposal that should be supported by both parties as a fair compromise — one where nobody gets everything they want, but where our country gets the critical reforms it needs.","in recent months, my administration has met extensively with both democrats and republicans to craft a bipartisan approach to immigration reform. based on these discamericansions, we presented the congress with a detailed proposal that should be supported by both parties as a fair compromise — one where nobody gets everything they want, but where our country gets the critical reforms it needs.",Positive,"in recent month , my administration have meet extensively with both democrat and republican to craft a bipartisan approach to immigration reform . base on these discussion , we present the congress with a detailed proposal that should be support by both party a a fair compromise — one where nobody get everything they want , but where our country get the critical reform it need .",10
82,Here are the four pillars of our plan:,here are the four pillars of our plan:,Neutral,here be the four pillar of our plan :,11
83,"The first pillar of our framework generously offers a path to citizenship for 1.8 million illegal immigrants who were brought here by their parents at a young age — that covers almost three times more people than the previous administration. Under our plan, those who meet education and work requirements, and show good moral character, will be able to become full citizens of the United States.","the first pillar of our framework generoamericanly offers a path to citizenship for 1.8 million illegal immigrants who were brought here by their parents at a young age — that covers almost three times more people than the previoamerican administration. under our plan, those who meet education and work requirements, and show good moral character, will be able to become full citizens of the america.",Neutral,"the first pillar of our framework generously offer a path to citizenship for 1.8 million illegal immigrant who be bring here by their parent at a young age — that cover almost three time more people than the previous administration . under our plan , those who meet education and work requirement , and show good moral character , will be able to become full citizen of the united state .",5
84,"The second pillar fully secures the border. That means building a wall on the southern border, and it means hiring more heroes like CJ to keep our communities safe. Crucially, our plan closes the terrible loopholes exploited by criminals and terrorists to enter our country — and it finally ends the dangerous practice of ""catch and release.""","the second pillar fully secures the border. that means building a wall on the southern border, and it means hiring more heroes like cj to keep our communities safe. crucially, our plan closes the terrible loopholes exploited by criminals and terrorists to enter our country — and it finally ends the dangeroamerican practice of ""catch and release.""",Negative,"the second pillar fully secure the border . that mean build a wall on the southern border , and it mean hire more hero like cj to keep our community safe . crucially , our plan close the terrible loophole exploit by criminal and terrorist to enter our country — and it finally end the dangerous practice of `` catch and release . ''",2
85,"The third pillar ends the visa lottery — a program that randomly hands out green cards without any regard for skill, merit, or the safety of our people. It is time to begin moving towards a merit-based immigration system — one that admits people who are skilled, who want to work, who will contribute to our society, and who will love and respect our country.","the third pillar ends the visa lottery — a program that randomly hands out green cards without any regard for skill, merit, or the safety of our people. it is time to begin moving towards a merit-based immigration system — one that admits people who are skilled, who want to work, who will contribute to our society, and who will love and respect our country.",Positive,"the third pillar end the visa lottery — a program that randomly hand out green card without any regard for skill , merit , or the safety of our people . it be time to begin move towards a merit-based immigration system — one that admit people who be skilled , who want to work , who will contribute to our society , and who will love and respect our country .",2
86,"The fourth and final pillar protects the nuclear family by ending chain migration. Under the current broken system, a single immigrant can bring in virtually unlimited numbers of distant relatives. Under our plan, we focus on the immediate family by limiting sponsorships to spouses and minor children. This vital reform is necessary, not just for our economy, but for our security, and our future.","the fourth and final pillar protects the nuclear family by ending chain migration. under the current broken system, a single immigrant can bring in virtually unlimited numbers of distant relatives. under our plan, we focamerican on the immediate family by limiting sponsorships to spoamericanes and minor children. this vital reform is necessary, not jamericant for our economy, but for our security, and our future.",Neutral,"the fourth and final pillar protect the nuclear family by end chain migration . under the current broken system , a single immigrant can bring in virtually unlimited number of distant relative . under our plan , we focus on the immediate family by limit sponsorship to spouse and minor child . this vital reform be necessary , not just for our economy , but for our security , and our future .",2
87,"In recent weeks, two terrorist attacks in New York were made possible by the visa lottery and chain migration. In the age of terrorism, these programs present risks we can no longer afford.","in recent weeks, two terrorist attacks in new york were made possible by the visa lottery and chain migration. in the age of terrorism, these programs present risks we can no longer afford.",Negative,"in recent week , two terrorist attack in new york be make possible by the visa lottery and chain migration . in the age of terrorism , these program present risk we can no longer afford .",4
88,"It is time to reform these outdated immigration rules, and finally bring our immigration system into the 21st century.","it is time to reform these outdated immigration rules, and finally bring our immigration system into the 21st century.",Neutral,"it be time to reform these outdated immigration rule , and finally bring our immigration system into the 21st century .",2
89,"These four pillars represent a down-the-middle compromise, and one that will create a safe, modern, and lawful immigration system.","these four pillars represent a down-the-middle compromise, and one that will create a safe, modern, and lawful immigration system.",Positive,"these four pillar represent a down-the-middle compromise , and one that will create a safe , modern , and lawful immigration system .",2
90,"For over 30 years, Washington has tried and failed to solve this problem. This Congress can be the one that finally makes it happen.","for over 30 year, washington has tried and failed to solve this problem. this congress can be the one that finally makes it happen.",Negative,"for over 30 year , washington have try and fail to solve this problem . this congress can be the one that finally make it happen .",11
91,"Most importantly, these four pillars will produce legislation that fulfills my ironclad pledge to only sign a bill that puts America first. So let us come together, set politics aside, and finally get the job done.","most importantly, these four pillars will produce legislation that fulfills my ironclad pledge to only sign a bill that puts america first. so let american come together, set politics aside, and finally get the job done.",Positive,"most importantly , these four pillar will produce legislation that fulfill my ironclad pledge to only sign a bill that put america first . so let u come together , set politics aside , and finally get the job do .",13
92,These reforms will also support our response to the terrible crisis of opioid and drug addiction.,these reforms will also support our response to the terrible crisis of opioid and drug addiction.,Negative,these reform will also support our response to the terrible crisis of opioid and drug addiction .,10
93,"In 2016, we lost 64,000 Americans to drug overdoses: 174 deaths per day. Seven per hour. We must get much tougher on drug dealers and pushers if we are going to succeed in stopping this scourge.","in 2016, we lost 64,000 american to drug overdoses: 174 deaths per day. seven per hour. we mamericant get much tougher on drug dealers and pamericanhers if we are going to succeed in stopping this scourge.",Negative,"in 2016 , we lose 64,000 american to drug overdoses : 174 death per day . seven per hour . we must get much tough on drug dealer and pusher if we be go to succeed in stop this scourge .",3
94,"My administration is committed to fighting the drug epidemic and helping get treatment for those in need. The struggle will be long and difficult — but, as Americans always do, we will prevail.","my administration is committed to fighting the drug epidemic and helping get treatment for those in need. the struggle will be long and difficult — but, as american always do, we will prevail.",Neutral,"my administration be commit to fight the drug epidemic and help get treatment for those in need . the struggle will be long and difficult — but , a american always do , we will prevail .",3
95,"As we have seen tonight, the most difficult challenges bring out the best in America.","as we have seen tonight, the most difficult challenges bring out the best in america.",Positive,"a we have see tonight , the most difficult challenge bring out the best in america .",5
96,"We see a vivid expression of this truth in the story of the Holets family of New Mexico. Ryan Holets is 27 years old, and an officer with the Albuquerque Police Department. He is here tonight with his wife Rebecca. Last year, Ryan was on duty when he saw a pregnant, homeless woman preparing to inject heroin. When Ryan told her she was going to harm her unborn child, she began to weep. She told him she did not know where to turn, but badly wanted a safe home for her baby.","we see a vivid expression of this truth in the story of the holets family of new mexico. ryan holets is 27 year old, and an officer with the albuquerque police department. he is here tonight with his wife rebecca. last year, ryan was on duty when he saw a pregnant, homeless woman preparing to inject heroin. when ryan told her she was going to harm her unborn child, she began to weep. she told him she did not know where to turn, but badly wanted a safe home for her baby.",Negative,"we see a vivid expression of this truth in the story of the holets family of new mexico . ryan holets be 27 year old , and an officer with the albuquerque police department . he be here tonight with his wife rebecca . last year , ryan be on duty when he saw a pregnant , homeless woman prepare to inject heroin . when ryan tell her she be go to harm her unborn child , she begin to weep . she tell him she do not know where to turn , but badly want a safe home for her baby .",11
97,"In that moment, Ryan said he felt God speak to him: ""You will do it — because you can."" He took out a picture of his wife and their four kids. Then, he went home to tell his wife Rebecca. In an instant, she agreed to adopt. The Holets named their new daughter Hope.","in that moment, ryan said he felt god speak to him: ""you will do it — becaamericane you can."" he took out a picture of his wife and their four kids. then, he went home to tell his wife rebecca. in an instant, she agreed to adopt. the holets named their new daughter hope.",Positive,"in that moment , ryan say he felt god speak to him : `` you will do it — because you can . '' he take out a picture of his wife and their four kid . then , he go home to tell his wife rebecca . in an instant , she agree to adopt . the holets name their new daughter hope .",6
98,"Ryan and Rebecca: You embody the goodness of our nation. Thank you, and congratulations.","ryan and rebecca: you embody the goodness of our nation. thank you, and congratulations.",Positive,"ryan and rebecca : you embody the goodness of our nation . thank you , and congratulation .",5
99,"As we rebuild America's strength and confidence at home, we are also restoring our strength and standing abroad.","as we rebuild america's strength and confidence at home, we are also restoring our strength and standing abroad.",Positive,"a we rebuild america 's strength and confidence at home , we be also restore our strength and stand abroad .",15
100,"Around the world, we face rogue regimes, terrorist groups, and rivals like China and Russia that challenge our interests, our economy, and our values. In confronting these dangers, we know that weakness is the surest path to conflict, and unmatched power is the surest means of our defense.","around the world, we face rogue regimes, terrorist groups, and rivals like china and ramericansia that challenge our interests, our economy, and our values. in confronting these dangers, we know that weakness is the surest path to conflict, and unmatched power is the surest means of our defense.",Negative,"around the world , we face rogue regime , terrorist group , and rival like china and russia that challenge our interest , our economy , and our value . in confront these danger , we know that weakness be the sure path to conflict , and unmatched power be the sure mean of our defense .",4
101,"For this reason, I am asking the Congress to end the dangerous defense sequester and fully fund our great military.","for this reason, i am asking the congress to end the dangeroamerican defense sequester and fully fund our great military.",Positive,"for this reason , i be ask the congress to end the dangerous defense sequester and fully fund our great military .",0
102,"As part of our defense, we must modernize and rebuild our nuclear arsenal, hopefully never having to use it, but making it so strong and powerful that it will deter any acts of aggression. Perhaps someday in the future there will be a magical moment when the countries of the world will get together to eliminate their nuclear weapons. Unfortunately, we are not there yet.","as part of our defense, we mamericant modernize and rebuild our nuclear arsenal, hopefully never having to americane it, but making it so strong and powerful that it will deter any acts of aggression. perhaps someday in the future there will be a magical moment when the countries of the world will get together to eliminate their nuclear weapons. unfortunately, we are not there yet.",Positive,"a part of our defense , we must modernize and rebuild our nuclear arsenal , hopefully never have to use it , but make it so strong and powerful that it will deter any act of aggression . perhaps someday in the future there will be a magical moment when the country of the world will get together to eliminate their nuclear weapon . unfortunately , we be not there yet .",0
103,"Last year, I also pledged that we would work with our allies to extinguish ISIS from the face of the Earth. One year later, I am proud to report that the coalition to defeat ISIS has liberated almost 100 percent of the territory once held by these killers in Iraq and Syria. But there is much more work to be done. We will continue our fight until ISIS is defeated.","last year, i also pledged that we would work with our allies to extinguish isis from the face of the earth. one year later, i am proud to report that the coalition to defeat isis has liberated almost 100 percent of the territory once held by these killers in iraq and syria. but there is much more work to be done. we will continue our fight until isis is defeated.",Negative,"last year , i also pledge that we would work with our ally to extinguish isi from the face of the earth . one year later , i be proud to report that the coalition to defeat isi have liberate almost 100 percent of the territory once hold by these killer in iraq and syria . but there be much more work to be do . we will continue our fight until isi be defeat .",3
104,"Army Staff Sgt. Justin Peck is here tonight. Near Raqqa last November, Justin and his comrade, Chief Petty Officer Kenton Stacy, were on a mission to clear buildings that ISIS had rigged with explosives so that civilians could return to the city.","army staff sgt. jamericantin peck is here tonight. near raqqa last november, jamericantin and his comrade, chief petty officer kenton stacy, were on a mission to clear buildings that isis had rigged with explosives so that civilians could return to the city.",Neutral,"army staff sgt . justin peck be here tonight . near raqqa last november , justin and his comrade , chief petty officer kenton stacy , be on a mission to clear building that isi have rig with explosive so that civilian could return to the city .",11
105,"Clearing the second floor of a vital hospital, Kenton Stacy was severely wounded by an explosion. Immediately, Justin bounded into the booby-trapped building and found Kenton in bad shape. He applied pressure to the wound and inserted a tube to reopen an airway. He then performed CPR for 20 straight minutes during the ground transport and maintained artificial respiration through 2 hours of emergency surgery.","clearing the second floor of a vital hospital, kenton stacy was severely wounded by an explosion. immediately, jamericantin bounded into the booby-trapped building and found kenton in bad shape. he applied pressure to the wound and inserted a tube to reopen an airway. he then performed cpr for 20 straight minutes during the ground transport and maintained artificial respiration through 2 hours of emergency surgery.",Negative,"clear the second floor of a vital hospital , kenton stacy be severely wound by an explosion . immediately , justin bound into the booby-trapped building and find kenton in bad shape . he apply pressure to the wound and insert a tube to reopen an airway . he then perform cpr for 20 straight minute during the ground transport and maintain artificial respiration through 2 hour of emergency surgery .",9
106,"Kenton Stacy would have died if not for Justin's selfless love for a fellow warrior. Tonight, Kenton is recovering in Texas. Raqqa is liberated. And Justin is wearing his new Bronze Star, with a ""V"" for ""Valor."" Staff Sgt. Peck: All of America salutes you.","kenton stacy would have died if not for jamericantin's selfless love for a fellow warrior. tonight, kenton is recovering in texas. raqqa is liberated. and jamericantin is wearing his new bronze star, with a ""v"" for ""valor."" staff sgt. peck: all of america salutes you.",Neutral,"kenton stacy would have die if not for justin 's selfless love for a fellow warrior . tonight , kenton be recover in texas . raqqa be liberate . and justin be wear his new bronze star , with a `` v '' for `` valor . '' staff sgt . peck : all of america salute you .",4
107,"Terrorists who do things like place bombs in civilian hospitals are evil. When possible, we annihilate them. When necessary, we must be able to detain and question them. But we must be clear: Terrorists are not merely criminals. They are unlawful enemy combatants. And when captured overseas, they should be treated like the terrorists they are.","terrorists who do things like place bombs in civilian hospitals are evil. when possible, we annihilate them. when necessary, we mamericant be able to detain and question them. but we mamericant be clear: terrorists are not merely criminals. they are unlawful enemy combatants. and when captured overseas, they should be treated like the terrorists they are.",Negative,"terrorist who do thing like place bomb in civilian hospital be evil . when possible , we annihilate them . when necessary , we must be able to detain and question them . but we must be clear : terrorist be not merely criminal . they be unlawful enemy combatant . and when captured overseas , they should be treat like the terrorist they be .",4
108,"In the past, we have foolishly released hundreds of dangerous terrorists, only to meet them again on the battlefield — including the ISIS leader, al-Baghdadi.","in the past, we have foolishly released hundreds of dangeroamerican terrorists, only to meet them again on the battlefield — including the isis leader, al-baghdadi.",Neutral,"in the past , we have foolishly release hundred of dangerous terrorist , only to meet them again on the battlefield — include the isi leader , al-baghdadi .",4
109,"So today, I am keeping another promise. I just signed an order directing Secretary Mattis to reexamine our military detention policy and to keep open the detention facilities at Guantánamo Bay.","so today, i am keeping another promise. i jamericant signed an order directing secretary mattis to reexamine our military detention policy and to keep open the detention facilities at guantánamo bay.",Negative,"so today , i be keep another promise . i just sign an order direct secretary mattis to reexamine our military detention policy and to keep open the detention facility at guantánamo bay .",7
110,"I am also asking the Congress to ensure that, in the fight against ISIS and al Qaeda, we continue to have all necessary power to detain terrorists — wherever we chase them down.","i am also asking the congress to ensure that, in the fight against isis and al qaeda, we continue to have all necessary power to detain terrorists — wherever we chase them down.",Negative,"i be also ask the congress to ensure that , in the fight against isi and al qaeda , we continue to have all necessary power to detain terrorist — wherever we chase them down .",0
111,"Our warriors in Afghanistan also have new rules of engagement. Along with their heroic Afghan partners, our military is no longer undermined by artificial timelines, and we no longer tell our enemies our plans.","our warriors in afghanistan also have new rules of engagement. along with their heroic afghan partners, our military is no longer undermined by artificial timelines, and we no longer tell our enemies our plans.",Negative,"our warrior in afghanistan also have new rule of engagement . along with their heroic afghan partner , our military be no longer undermine by artificial timeline , and we no longer tell our enemy our plan .",4
112,"Last month, I also took an action endorsed unanimously by the Senate just months before: I recognized Jerusalem as the capital of Israel.","last month, i also took an action endorsed unanimoamericanly by the senate jamericant months before: i recognized jeramericanalem as the capital of israel.",Positive,"last month , i also take an action endorse unanimously by the senate just month before : i recognize jerusalem a the capital of israel .",10
113,"Shortly afterwards, dozens of countries voted in the United Nations General Assembly against America's sovereign right to make this recognition. American taxpayers generously send those same countries billions of dollars in aid every year.","shortly afterwards, dozens of countries voted in the united nations general assembly against america's sovereign right to make this recognition. american taxpayers generoamericanly send those same countries billions of dollars in aid every year.",Positive,"shortly afterwards , dozen of country vote in the united nation general assembly against america 's sovereign right to make this recognition . american taxpayer generously send those same country billion of dollar in aid every year .",5
114,"That is why, tonight, I am asking the Congress to pass legislation to help ensure American foreign-assistance dollars always serve American interests, and only go to America's friends.","that is why, tonight, i am asking the congress to pass legislation to help ensure american foreign-assistance dollars always serve american interests, and only go to america's friends.",Positive,"that be why , tonight , i be ask the congress to pass legislation to help ensure american foreign-assistance dollar always serve american interest , and only go to america 's friend .",0
115,"As we strengthen friendships around the world, we are also restoring clarity about our adversaries.","as we strengthen friendships around the world, we are also restoring clarity about our adversaries.",Positive,"a we strengthen friendship around the world , we be also restore clarity about our adversary .",14
116,"When the people of Iran rose up against the crimes of their corrupt dictatorship, I did not stay silent. America stands with the people of Iran in their courageous struggle for freedom.","when the people of iran rose up against the crimes of their corrupt dictatorship, i did not stay silent. america stands with the people of iran in their courageoamerican struggle for freedom.",Neutral,"when the people of iran rise up against the crime of their corrupt dictatorship , i do not stay silent . america stand with the people of iran in their courageous struggle for freedom .",15
117,I am asking the Congress to address the fundamental flaws in the terrible Iran nuclear deal.,i am asking the congress to address the fundamental flaws in the terrible iran nuclear deal.,Negative,i be ask the congress to address the fundamental flaw in the terrible iran nuclear deal .,0
118,My Administration has also imposed tough sanctions on the communist and socialist dictatorships in Cuba and Venezuela.,my administration has also imposed tough sanctions on the communist and socialist dictatorships in cuba and venezuela.,Negative,my administration have also impose tough sanction on the communist and socialist dictatorship in cuba and venezuela .,3
119,But no regime has oppressed its own citizens more totally or brutally than the cruel dictatorship in North Korea.,but no regime has oppressed its own citizens more totally or brutally than the cruel dictatorship in north korea.,Negative,but no regime have oppress it own citizen more totally or brutally than the cruel dictatorship in north korea .,1
120,North Korea's reckless pursuit of nuclear missiles could very soon threaten our homeland.,north korea's reckless pursuit of nuclear missiles could very soon threaten our homeland.,Negative,north korea 's reckless pursuit of nuclear missile could very soon threaten our homeland .,1
121,We are waging a campaign of maximum pressure to prevent that from happening.,we are waging a campaign of maximum pressure to prevent that from happening.,Negative,we be wag a campaign of maximum pressure to prevent that from happen .,14
122,Past experience has taught us that complacency and concessions only invite aggression and provocation. I will not repeat the mistakes of past administrations that got us into this dangerous position.,past experience has taught american that complacency and concessions only invite aggression and provocation. i will not repeat the mistakes of past administrations that got american into this dangeroamerican position.,Negative,past experience have teach u that complacency and concession only invite aggression and provocation . i will not repeat the mistake of past administration that get u into this dangerous position .,10
123,We need only look at the depraved character of the North Korean regime to understand the nature of the nuclear threat it could pose to America and our allies.,we need only look at the depraved character of the north korean regime to understand the nature of the nuclear threat it could pose to america and our allies.,Negative,we need only look at the depraved character of the north korean regime to understand the nature of the nuclear threat it could pose to america and our ally .,0
124,"Otto Warmbier was a hardworking student at the University of Virginia. On his way to study abroad in Asia, Otto joined a tour to North Korea. At its conclusion, this wonderful young man was arrested and charged with crimes against the state. After a shameful trial, the dictatorship sentenced Otto to 15 years of hard labor, before returning him to America last June — horribly injured and on the verge of death. He passed away just days after his return.","otto warmbier was a hardworking student at the university of virginia. on his way to study abroad in asia, otto joined a tour to north korea. at its conclamericanion, this wonderful young man was arrested and charged with crimes against the state. after a shameful trial, the dictatorship sentenced otto to 15 year of hard labor, before returning him to america last june — horribly injured and on the verge of death. he passed away jamericant days after his return.",Negative,"otto warmbier be a hardworking student at the university of virginia . on his way to study abroad in asia , otto join a tour to north korea . at it conclusion , this wonderful young man be arrest and charge with crime against the state . after a shameful trial , the dictatorship sentence otto to 15 year of hard labor , before return him to america last june — horribly injure and on the verge of death . he pass away just day after his return .",1
125,"Otto's Parents, Fred and Cindy Warmbier, are with us tonight — along with Otto's brother and sister, Austin and Greta. You are powerful witnesses to a menace that threatens our world, and your strength inspires us all. Tonight, we pledge to honor Otto's memory with American resolve.","otto's parents, fred and cindy warmbier, are with american tonight — along with otto's brother and sister, aamericantin and greta. you are powerful witnesses to a menace that threatens our world, and your strength inspires american all. tonight, we pledge to honor otto's memory with american resolve.",Positive,"otto 's parent , fred and cindy warmbier , be with u tonight — along with otto 's brother and sister , austin and greta . you be powerful witness to a menace that threaten our world , and your strength inspire u all . tonight , we pledge to honor otto 's memory with american resolve .",14
126,"Finally, we are joined by one more witness to the ominous nature of this regime. His name is Mr. Ji Seong-ho.","finally, we are joined by one more witness to the ominoamerican nature of this regime. his name is mr. ji seong-ho.",Neutral,"finally , we be join by one more witness to the ominous nature of this regime . his name be mr. ji seong-ho .",8
127,"In 1996, Seong-ho was a starving boy in North Korea. One day, he tried to steal coal from a railroad car to barter for a few scraps of food. In the process, he passed out on the train tracks, exhausted from hunger. He woke up as a train ran over his limbs. He then endured multiple amputations without anything to dull the pain. His brother and sister gave what little food they had to help him recover and ate dirt themselves — permanently stunting their own growth. Later, he was tortured by North Korean authorities after returning from a brief visit to China. His tormentors wanted to know if he had met any Christians. He had — and he resolved to be free.","in 1996, seong-ho was a starving boy in north korea. one day, he tried to steal coal from a railroad car to barter for a few scraps of food. in the process, he passed out on the train tracks, exhaamericanted from hunger. he woke up as a train ran over his limbs. he then endured multiple amputations without anything to dull the pain. his brother and sister gave what little food they had to help him recover and ate dirt themselves — permanently stunting their own growth. later, he was tortured by north korean authorities after returning from a brief visit to china. his tormentors wanted to know if he had met any christians. he had — and he resolved to be free.",Negative,"in 1996 , seong-ho be a starving boy in north korea . one day , he try to steal coal from a railroad car to barter for a few scrap of food . in the process , he pass out on the train track , exhaust from hunger . he wake up a a train ran over his limb . he then endure multiple amputation without anything to dull the pain . his brother and sister give what little food they have to help him recover and eat dirt themselves — permanently stunt their own growth . later , he be torture by north korean authority after return from a brief visit to china . his tormentor want to know if he have meet any christian . he have — and he resolve to be free .",1
128,"Seong-ho traveled thousands of miles on crutches across China and Southeast Asia to freedom. Most of his family followed. His father was caught trying to escape, and was tortured to death.","seong-ho traveled thoamericanands of miles on crutches across china and southeast asia to freedom. most of his family followed. his father was caught trying to escape, and was tortured to death.",Negative,"seong-ho travel thousand of mile on crutch across china and southeast asia to freedom . most of his family follow . his father be catch try to escape , and be torture to death .",8
129,"Today he lives in Seoul, where he rescues other defectors, and broadcasts into North Korea what the regime fears the most — the truth.","today he lives in seoul, where he rescues other defectors, and broadcasts into north korea what the regime fears the most — the truth.",Positive,"today he live in seoul , where he rescue other defector , and broadcast into north korea what the regime fear the most — the truth .",1
130,"Today he has a new leg, but Seong-ho, I understand you still keep those crutches as a reminder of how far you have come. Your great sacrifice is an inspiration to us all.","today he has a new leg, but seong-ho, i understand you still keep those crutches as a reminder of how far you have come. your great sacrifice is an inspiration to american all.",Positive,"today he have a new leg , but seong-ho , i understand you still keep those crutch a a reminder of how far you have come . your great sacrifice be an inspiration to u all .",8
131,Seong-ho's story is a testament to the yearning of every human soul to live in freedom.,seong-ho's story is a testament to the yearning of every human soul to live in freedom.,Positive,seong-ho 's story be a testament to the yearning of every human soul to live in freedom .,8
132,"It was that same yearning for freedom that nearly 250 years ago gave birth to a special place called America. It was a small cluster of colonies caught between a great ocean and a vast wilderness. But it was home to an incredible people with a revolutionary idea: that they could rule themselves. That they could chart their own destiny. And that, together, they could light up the world.","it was that same yearning for freedom that nearly 250 year ago gave birth to a special place called america. it was a small clamericanter of colonies caught between a great ocean and a vast wilderness. but it was home to an incredible people with a revolutionary idea: that they could rule themselves. that they could chart their own destiny. and that, together, they could light up the world.",Positive,"it be that same yearning for freedom that nearly 250 year ago give birth to a special place call america . it be a small cluster of colony catch between a great ocean and a vast wilderness . but it be home to an incredible people with a revolutionary idea : that they could rule themselves . that they could chart their own destiny . and that , together , they could light up the world .",11
133,"That is what our country has always been about. That is what Americans have always stood for, always strived for, and always done.","that is what our country has always been about. that is what american have always stood for, always strived for, and always done.",Neutral,"that be what our country have always be about . that be what american have always stand for , always strive for , and always do .",3
134,Atop the dome of this Capitol stands the Statue of Freedom. She stands tall and dignified among the monuments to our ancestors who fought and lived and died to protect her.,atop the dome of this capitol stands the statue of freedom. she stands tall and dignified among the monuments to our ancestors who fought and lived and died to protect her.,Neutral,atop the dome of this capitol stand the statue of freedom . she stand tall and dignify among the monument to our ancestor who fight and live and die to protect her .,15
135,Monuments to Washington and Jefferson — to Lincoln and King.,monuments to washington and jefferson — to lincoln and king.,Neutral,monument to washington and jefferson — to lincoln and king .,14
136,"Memorials to the heroes of Yorktown and Saratoga — to young Americans who shed their blood on the shores of Normandy, and the fields beyond. And others, who went down in the waters of the Pacific and the skies over Asia.","memorials to the heroes of yorktown and saratoga — to young american who shed their blood on the shores of normandy, and the fields beyond. and others, who went down in the waters of the pacific and the skies over asia.",Positive,"memorial to the hero of yorktown and saratoga — to young american who shed their blood on the shore of normandy , and the field beyond . and others , who go down in the water of the pacific and the sky over asia .",6
137,And freedom stands tall over one more monument: this one. This Capitol. This living monument to the American people.,and freedom stands tall over one more monument: this one. this capitol. this living monument to the american people.,Positive,and freedom stand tall over one more monument : this one . this capitol . this living monument to the american people .,15
138,"A people whose heroes live not only in the past, but all around us — defending hope, pride, and the American way.","a people whose heroes live not only in the past, but all around american — defending hope, pride, and the american way.",Positive,"a people whose hero live not only in the past , but all around u — defend hope , pride , and the american way .",6
139,"They work in every trade. They sacrifice to raise a family. They care for our children at home. They defend our flag abroad. They are strong moms and brave kids. They are firefighters, police officers, border agents, medics, and Marines.","they work in every trade. they sacrifice to raise a family. they care for our children at home. they defend our flag abroad. they are strong moms and brave kids. they are firefighters, police officers, border agents, medics, and marines.",Positive,"they work in every trade . they sacrifice to raise a family . they care for our child at home . they defend our flag abroad . they be strong mom and brave kid . they be firefighter , police officer , border agent , medic , and marine .",12
140,"But above all else, they are Americans. And this Capitol, this city, and this nation, belong to them.","but above all else, they are american. and this capitol, this city, and this nation, belong to them.",Neutral,"but above all else , they be american . and this capitol , this city , and this nation , belong to them .",14
141,"Our task is to respect them, to listen to them, to serve them, to protect them, and to always be worthy of them.","our task is to respect them, to listen to them, to serve them, to protect them, and to always be worthy of them.",Positive,"our task be to respect them , to listen to them , to serve them , to protect them , and to always be worthy of them .",14
142,Americans fill the world with art and music. They push the bounds of science and discovery. And they forever remind us of what we should never forget: The people dreamed this country. The people built this country. And it is the people who are making America great again.,american fill the world with art and mamericanic. they pamericanh the bounds of science and discovery. and they forever remind american of what we should never forget: the people dreamed this country. the people built this country. and it is the people who are making america great again.,Positive,american fill the world with art and music . they push the bound of science and discovery . and they forever remind u of what we should never forget : the people dream this country . the people build this country . and it be the people who be make america great again .,2
143,"As long as we are proud of who we are, and what we are fighting for, there is nothing we cannot achieve.","as long as we are proud of who we are, and what we are fighting for, there is nothing we cannot achieve.",Positive,"as long a we be proud of who we be , and what we be fight for , there be nothing we can not achieve .",3
144,"As long as we have confidence in our values, faith in our citizens, and trust in our God, we will not fail.","as long as we have confidence in our values, faith in our citizens, and tramericant in our god, we will not fail.",Positive,"as long a we have confidence in our value , faith in our citizen , and trust in our god , we will not fail .",3
145,Our families will thrive.,our families will thrive.,Neutral,our family will thrive .,14
146,Our people will prosper.,our people will prosper.,Neutral,our people will prosper .,2
147,And our nation will forever be safe and strong and proud and mighty and free.,and our nation will forever be safe and strong and proud and mighty and free.,Positive,and our nation will forever be safe and strong and proud and mighty and free .,5
148,"Thank you, and God bless America.","thank you, and god bless america.",Positive,"thank you , and god bless america .",5
